Model,Accuracy,AUC,Precision,Recall,F1,MCC
Logistic Regression,0.8333333333333334,0.8936974789915966,0.835820895522388,0.8235294117647058,0.8296296296296296,0.6665966496997255
Decision Tree,0.7681159420289855,0.7682773109243697,0.7571428571428571,0.7794117647058824,0.7681159420289855,0.5365546218487395
KNN,0.855072463768116,0.8828781512605043,0.8076923076923077,0.9264705882352942,0.863013698630137,0.7182461311055516
Naive Bayes,0.7536231884057971,0.8302521008403362,0.6976744186046512,0.8823529411764706,0.7792207792207793,0.5271196386237463
Random Forest,0.8768115942028986,0.9121848739495798,0.8493150684931506,0.9117647058823529,0.8794326241134752,0.7558136713016679
XGBoost,0.8260869565217391,0.9046218487394958,0.7894736842105263,0.8823529411764706,0.8333333333333334,0.6571030319308911
